{"generator l_r": 9.703703703703704e-05, "discriminator l_r": 8.296296296296296e-05, "Loss_F": -0.00018788958550430834, "Loss_R": -0.00022179653751663864, "Penalty": 0.0, "Generator Loss": -0.0001922969677252695, "_timestamp": 1666450623.8798463, "_runtime": 164.59678840637207, "_step": 6, "_wandb": {"runtime": 183}}