{"generator l_r": 7.037037037037038e-05, "discriminator l_r": 7.037037037037038e-05, "Loss_F": -0.0007680164999328554, "Loss_R": -0.0006865494069643319, "Penalty": 0.0, "Generator Loss": -0.0007643790449947119, "_timestamp": 1666454298.2083883, "_runtime": 277.9080114364624, "_step": 18, "_wandb": {"runtime": 279}}