{"generator l_r": 8.592592592592593e-05, "discriminator l_r": 8.592592592592593e-05, "Loss_F": -0.00012082031753379852, "Loss_R": -0.0001306532503804192, "Penalty": 0.0, "Generator Loss": -0.00012337281077634543, "_timestamp": 1666454194.992839, "_runtime": 174.69246220588684, "_step": 11}