{"generator l_r": 9.407407407407408e-05, "discriminator l_r": 9.407407407407408e-05, "Loss_F": -0.00031121057691052556, "Loss_R": -0.0003085052303504199, "Penalty": 0.0, "Generator Loss": -0.00031546776881441474, "_timestamp": 1666460951.2366757, "_runtime": 188.21872878074646, "_step": 22, "_wandb": {"runtime": 193}}