{"generator l_r": 6.666666666666667e-06, "discriminator l_r": 1.3333333333333333e-05, "Loss_F": 3.2076563911687117e-06, "Loss_R": -2.2688734446774106e-08, "Penalty": 0.0, "Generator Loss": 3.831734375125961e-06, "_timestamp": 1666449793.7868917, "_runtime": 33.58920073509216, "_step": 0, "_wandb": {"runtime": 33}}