{"generator l_r": 6.666666666666667e-06, "discriminator l_r": 6.666666666666667e-06, "Loss_F": 3.2076563911687117e-06, "Loss_R": -2.2688729117703588e-08, "Penalty": 0.0, "Generator Loss": 1.8987171870321617e-06, "_timestamp": 1666459945.4528978, "_runtime": 20.794987678527832, "_step": 0}