{"generator l_r": 9.555555555555557e-05, "discriminator l_r": 9.555555555555557e-05, "Loss_F": -0.00017725337238516659, "Loss_R": -0.00020113837672397494, "Penalty": 0.0, "Generator Loss": -0.00018199547776021063, "_timestamp": 1666459856.695513, "_runtime": 168.41997408866882, "_step": 20, "_wandb": {"runtime": 171}}