{"generator l_r": 0.06, "mapping loss": 1.4971061318647116e-05, "discriminator l_r": 0.06, "Loss_F": -12.199261665344238, "Discriminator Loss": 5.079017639160156, "Penalty": 0.0, "Generator Loss": 6.542496681213379, "_timestamp": 1666493075.3525183, "_runtime": 69.3988983631134, "_step": 4}