{"generator l_r": 0.05, "mapping loss": {"_type": "histogram", "values": [1, 1, 0, 1, 1, 1, 0, 4, 3, 9, 8, 13, 15, 12, 20, 24, 41, 50, 68, 87, 123, 163, 204, 270, 342, 449, 580, 737, 959, 1056, 1293, 526], "bins": [1.3161085917090531e-05, 1.3250691154098604e-05, 1.3340295481611975e-05, 1.3429900718620047e-05, 1.3519505046133418e-05, 1.360911028314149e-05, 1.369871461065486e-05, 1.3788319847662933e-05, 1.3877924175176304e-05, 1.3967529412184376e-05, 1.4057133739697747e-05, 1.414673897670582e-05, 1.423634330421919e-05, 1.4325948541227262e-05, 1.4415552868740633e-05, 1.4505158105748706e-05, 1.4594763342756778e-05, 1.4684367670270149e-05, 1.4773972907278221e-05, 1.4863577234791592e-05, 1.4953182471799664e-05, 1.5042786799313035e-05, 1.5132392036321107e-05, 1.5221996363834478e-05, 1.531160160084255e-05, 1.5401206837850623e-05, 1.5490810255869292e-05, 1.5580415492877364e-05, 1.5670020729885437e-05, 1.575962596689351e-05, 1.5849229384912178e-05, 1.593883462192025e-05, 1.6028439858928323e-05]}, "discriminator l_r": 0.05, "Loss_F": -122.82373046875, "Discriminator Loss": 24.56304359436035, "Penalty": 5599.505859375, "Generator Loss": 1.1641429662704468, "_timestamp": 1666484876.960555, "_runtime": 56.75505518913269, "_step": 1, "_wandb": {"runtime": 73}}