{"generator l_r": 8.444444444444444e-05, "discriminator l_r": 8.444444444444444e-05, "Loss_F": -0.0026220176368951797, "Loss_R": -0.002445988357067108, "Penalty": 0.0, "Generator Loss": -0.0025668705347925425, "_timestamp": 1666459677.3524582, "_runtime": 280.0486032962799, "_step": 35, "_wandb": {"runtime": 285}}