{"generator l_r": 6.666666666666667e-06, "discriminator l_r": 6.666666666666667e-06, "Loss_F": 3.2076563911687117e-06, "Loss_R": -2.2688734446774106e-08, "Penalty": 0.0, "Generator Loss": 1.898715822790109e-06, "_timestamp": 1666460508.6406758, "_runtime": 27.058950901031494, "_step": 0}