{"generator l_r": 9.925925925925926e-05, "discriminator l_r": 8.740740740740741e-05, "Loss_F": -9.551942639518529e-05, "Loss_R": -0.00011923279089387506, "Penalty": 0.0, "Generator Loss": -9.870636858977377e-05, "_timestamp": 1666450837.0485296, "_runtime": 142.14520168304443, "_step": 5, "_wandb": {"runtime": 142}}