{"generator l_r": 0.06, "mapping loss": 0.0001564309495734051, "discriminator l_r": 0.036, "Loss_F": -4.137983798980713, "Discriminator Loss": -0.10484020411968231, "Penalty": 0.0, "Generator Loss": -0.012628287076950073, "_timestamp": 1666512389.065834, "_runtime": 107.41378092765808, "_step": 8, "_wandb": {"runtime": 113}}