{"generator l_r": 0.0, "mapping loss": 5.56939141915791e-07, "discriminator l_r": 0.006666666666666667, "Loss_F": 1.6767314672470093, "Discriminator Loss": -30.041858673095703, "Penalty": 7.291850566864014, "Generator Loss": -29.600072860717773, "_timestamp": 1666495680.8965087, "_runtime": 1482.559500694275, "_step": 140}