{"generator l_r": 0.0, "mapping loss": 7.095925980138418e-07, "discriminator l_r": 0.013333333333333334, "Loss_F": 1.6599069833755493, "Discriminator Loss": -28.313810348510742, "Penalty": 6.965540409088135, "Generator Loss": -32.18101501464844, "_timestamp": 1666495587.7136288, "_runtime": 1389.3766207695007, "_step": 131}