{"generator l_r": 0.016, "mapping loss": 0.002484316239133477, "discriminator l_r": 0.008, "Discriminator Loss": -0.005880072247236967, "Penalty": 0.0, "Generator Loss": 0.005835077725350857, "Accuracy": 0.0, "_timestamp": 1666514652.532035, "_runtime": 40.61374521255493, "_step": 1}