{"generator l_r": 3.185185185185185e-05, "discriminator l_r": 3.185185185185185e-05, "Loss_F": -0.08992303907871246, "Loss_R": -0.015254252590239048, "Penalty": 0.0, "Generator Loss": -0.01524433959275484, "_timestamp": 1666462064.6754925, "_runtime": 782.0774915218353, "_step": 106}