{"generator l_r": 1.1500000000000002e-05, "discriminator l_r": 3.45e-05, "Loss_F": -0.01379916537553072, "Loss_R": -0.0120486905798316, "Penalty": 0.0, "Generator Loss": -0.012110183946788311, "_timestamp": 1666444398.5697134, "_runtime": 1658.1564514636993, "_step": 67, "_wandb": {"runtime": 1686}}