{"generator l_r": 1.6666666666666668e-07, "discriminator l_r": 3.3333333333333335e-07, "Loss_F": 3.2076563911687117e-06, "Loss_R": -2.2688729117703588e-08, "Penalty": 0.0, "Generator Loss": 7.249194311498286e-08, "_timestamp": 1666442765.6241815, "_runtime": 25.210919618606567, "_step": 0}