{"generator l_r": 1.6666666666666667e-05, "discriminator l_r": 3.3333333333333335e-05, "Loss_F": -0.00040021867607720196, "Loss_R": -0.00036143147735856473, "Penalty": 0.0, "Generator Loss": -0.00040214124601334333, "_timestamp": 1666443466.846366, "_runtime": 726.4331040382385, "_step": 33}