{"generator l_r": 0.05, "mapping loss": {"_type": "histogram", "values": [1, 0, 0, 2, 0, 1, 1, 0, 0, 3, 3, 6, 8, 8, 13, 17, 20, 29, 41, 56, 63, 81, 95, 162, 184, 188, 244, 302, 277, 281, 190, 77], "bins": [1.241043173649814e-05, 1.2449032510630786e-05, 1.2487633284763433e-05, 1.252623405889608e-05, 1.2564834833028726e-05, 1.2603435607161373e-05, 1.264203638129402e-05, 1.2680637155426666e-05, 1.2719237929559313e-05, 1.275783870369196e-05, 1.2796439477824606e-05, 1.2835040251957253e-05, 1.28736410260899e-05, 1.2912241800222546e-05, 1.2950842574355192e-05, 1.2989443348487839e-05, 1.3028044122620486e-05, 1.3066644896753132e-05, 1.3105245670885779e-05, 1.3143846445018426e-05, 1.3182447219151072e-05, 1.3221047993283719e-05, 1.3259648767416365e-05, 1.3298249541549012e-05, 1.3336850315681659e-05, 1.3375451089814305e-05, 1.3414051863946952e-05, 1.3452652638079599e-05, 1.3491253412212245e-05, 1.3529854186344892e-05, 1.3568454960477538e-05, 1.3607055734610185e-05, 1.3645656508742832e-05]}, "discriminator l_r": 0.05, "Loss_F": 0.29495906829833984, "Discriminator Loss": -0.3472139537334442, "Penalty": 0.0, "Generator Loss": -0.35094860196113586, "_timestamp": 1666484799.7625697, "_runtime": 76.82030272483826, "_step": 2, "_wandb": {"runtime": 88}}