{"generator l_r": 0.06, "mapping loss": 1.5196289496088866e-05, "discriminator l_r": 0.06, "Loss_F": -14.534551620483398, "Discriminator Loss": -1.105067491531372, "Penalty": 0.18939326703548431, "Generator Loss": -2.381531238555908, "_timestamp": 1666492415.7090132, "_runtime": 108.36876320838928, "_step": 8, "_wandb": {"runtime": 114}}