{"generator l_r": 9.185185185185186e-05, "discriminator l_r": 9.185185185185186e-05, "Loss_F": -0.0005984613089822233, "Loss_R": -0.0005191169329918921, "Penalty": 0.0, "Generator Loss": -0.0006110925460234284, "_timestamp": 1666461277.221208, "_runtime": 204.89560508728027, "_step": 25, "_wandb": {"runtime": 205}}