{"generator l_r": 6.666666666666667e-06, "discriminator l_r": 6.666666666666667e-06, "Loss_F": 3.2076563911687117e-06, "Loss_R": -2.2688734446774106e-08, "Penalty": 0.0, "Generator Loss": 1.898715822790109e-06, "_timestamp": 1666460139.8241808, "_runtime": 31.48002791404724, "_step": 0, "_wandb": {"runtime": 340}}