{"generator l_r": 0.0, "mapping loss": 1.0620220564305782e-05, "discriminator l_r": 0.007500000000000002, "Discriminator Loss": -0.3385545015335083, "Penalty": 4.538763999938965, "Generator Loss": 4.339838027954102, "Accuracy": 0.9897510409355164, "_timestamp": 1666519383.1823976, "_runtime": 1084.9997856616974, "_step": 74, "_wandb": {"runtime": 1108}}