{"generator l_r": 1.4814814814814817e-06, "discriminator l_r": 0.0, "Loss_F": -0.005692415405064821, "Loss_R": -0.005077068693935871, "Penalty": 0.0, "Generator Loss": -0.005077020730823278, "_timestamp": 1666453478.875051, "_runtime": 1059.8583960533142, "_step": 49, "_wandb": {"runtime": 1073}}